{
  "passBase": -4.843042895735333,
  "passPartnerWin": 11.260138978571712,
  "passPartnerLow": 4,
  "playFollowActive": 2.3662727860351,
  "playFinish": 48.53884221751652,
  "playFinishPartnerWin": 35,
  "playPartnerWinPenalty": -19.189273244276645,
  "playLeadLength": 0.35,
  "playFollowLength": -0.12,
  "breakMult": 1.1962978660322072,
  "wildCost": 7,
  "jokerCost": 5,
  "bombBase4": 6.96279302948287,
  "bombPerExtra": 4,
  "bombLeadMult": 1,
  "bombLeadLateBonus": 0.6,
  "bombFollowMult": 0.6,
  "bombFollowOppLow": 1.3,
  "bombFollowOppMed": 0.3,
  "groupBombBase": 14,
  "groupBombPerExtra": 8,
  "handLenPenalty": 0.34074294033787145,
  "lookaheadDepth": 2
}