{
  "generated": "2026-05-29",
  "version": "v2-deep",
  "method": "pop-gen K=15 gen=8 popSize=24 matches=200 sigma=0.6 (50 dim paired) + multi-objective fitness (0.6 vs center + 0.4 vs prev 3 runs) + 2-ply MCTS evalOnePly",
  "weights_dim": 50,
  "h2h_1000_verified": {
    "hard vs normal": 0.554,
    "hard vs easy": 0.606,
    "normal vs easy": 0.583
  },
  "picks": {
    "hard": {
      "id": "run5_gen0",
      "elo": 1521.1371010932191,
      "weights": {
        "landlord": {
          "counterPredictRate": 0.3499758168351683,
          "peasantCoopRate": 0,
          "bombSmartRate": 0.4356743666282145,
          "firstPlayLookAhead": 0.997588761201036,
          "randomActionRate": 0,
          "mctsHandShortPerCard": 1.182042848670794,
          "mctsPartnerProgressMult": 0.7160605647588759,
          "mctsPartnerSmallCounterBonus": 1.9321375778457621,
          "mctsOppStrengthPenaltyMult": 0.21792481923917975,
          "mctsLandlordLargeCounterBonus": 0.010910986070597357,
          "qhsBothKings": 7.442007712380573,
          "qhsBigKing": 0.8796394227952495,
          "qhsSmallKing": 5.20683273406619,
          "qhsTwoMult": 3.8943116899951757,
          "qhsBombBonus": 15.775434371300342,
          "qhsAceMult": 0.2546163348169528,
          "peasantCoopPassMinHand": 2.8811325027207633,
          "peasantTopPartnerThresh": 3.719262298899871,
          "peasantTopPartnerBombThresh": 1.7205936946188711,
          "peasantMaxOnLandlordLowThresh": 0.010421744058164406,
          "feedPartnerThresh": 2.2041994157131612,
          "landlordFinishThresh": 4.478751151369598,
          "bombMyHandThresh": 0.9720621257946305,
          "bombOppMinThresh": 3.9935705741558696,
          "randomBombFallbackRate": 0.0973942532769912
        },
        "farmer": {
          "counterPredictRate": 0.45231432197885874,
          "peasantCoopRate": 0.7396034280352284,
          "bombSmartRate": 0.9224521218621327,
          "firstPlayLookAhead": 0.9378167448361974,
          "randomActionRate": 0.013496705986842264,
          "mctsHandShortPerCard": 2.591898701899955,
          "mctsPartnerProgressMult": 0.13341140194364645,
          "mctsPartnerSmallCounterBonus": 1.2589587990059234,
          "mctsOppStrengthPenaltyMult": 0.01053051825074486,
          "mctsLandlordLargeCounterBonus": 1.3621813502091673,
          "qhsBothKings": 14.587800780258418,
          "qhsBigKing": 0.01019590078129247,
          "qhsSmallKing": 3.418814373431484,
          "qhsTwoMult": 4.051387247637655,
          "qhsBombBonus": 4.726978532989244,
          "qhsAceMult": 1.6325907472539625,
          "peasantCoopPassMinHand": 1.6973603941853845,
          "peasantTopPartnerThresh": 2.6071949316197043,
          "peasantTopPartnerBombThresh": 3.874730471526004,
          "peasantMaxOnLandlordLowThresh": 1.8646428861671318,
          "feedPartnerThresh": 3.6090673015626655,
          "landlordFinishThresh": 2.5189907420059097,
          "bombMyHandThresh": 3.5574063914804825,
          "bombOppMinThresh": 4.803389607549723,
          "randomBombFallbackRate": 0.06277023909501651
        }
      }
    },
    "normal": {
      "id": "run14_gen3",
      "elo": 1502.123434974907,
      "weights": {
        "landlord": {
          "counterPredictRate": 0.7559678361729638,
          "peasantCoopRate": 0.5982419805863654,
          "bombSmartRate": 0.704285968247906,
          "firstPlayLookAhead": 0.877631154556012,
          "randomActionRate": 0.00927389093438013,
          "mctsHandShortPerCard": 0.011711692398560373,
          "mctsPartnerProgressMult": 1.075729532403128,
          "mctsPartnerSmallCounterBonus": 1.4254744350698256,
          "mctsOppStrengthPenaltyMult": 0.86217317446499,
          "mctsLandlordLargeCounterBonus": 4.3952353750003175,
          "qhsBothKings": 15.602133380550235,
          "qhsBigKing": 6.161157027969961,
          "qhsSmallKing": 1.7147699715680058,
          "qhsTwoMult": 0.34813116360124025,
          "qhsBombBonus": 12.111185710228272,
          "qhsAceMult": 1.1972806032027468,
          "peasantCoopPassMinHand": 2.7636212236497504,
          "peasantTopPartnerThresh": 6.097707897292363,
          "peasantTopPartnerBombThresh": 4.997177045000593,
          "peasantMaxOnLandlordLowThresh": 0.9558417098871539,
          "feedPartnerThresh": 3.927305395097616,
          "landlordFinishThresh": 2.659927759965987,
          "bombMyHandThresh": 1.5329426794617562,
          "bombOppMinThresh": 1.6461594668749695,
          "randomBombFallbackRate": 0.21813541673940562
        },
        "farmer": {
          "counterPredictRate": 0.5752786150660385,
          "peasantCoopRate": 0.8006306589085675,
          "bombSmartRate": 0.8884611917335877,
          "firstPlayLookAhead": 0.5409256620694307,
          "randomActionRate": 0.017688456811321564,
          "mctsHandShortPerCard": 2.29660254870524,
          "mctsPartnerProgressMult": 0.9974882531085272,
          "mctsPartnerSmallCounterBonus": 3.136926745837634,
          "mctsOppStrengthPenaltyMult": 0.7200624957211709,
          "mctsLandlordLargeCounterBonus": 3.15783399379855,
          "qhsBothKings": 11.480922166019505,
          "qhsBigKing": 5.670275678232599,
          "qhsSmallKing": 3.021910104277277,
          "qhsTwoMult": 1.2801305104891452,
          "qhsBombBonus": 3.2842617076979774,
          "qhsAceMult": 2.28380586450713,
          "peasantCoopPassMinHand": 1.5761289769322582,
          "peasantTopPartnerThresh": 6.36045415915133,
          "peasantTopPartnerBombThresh": 5.271542399224998,
          "peasantMaxOnLandlordLowThresh": 4.3453970492360385,
          "feedPartnerThresh": 0.011285929812156708,
          "landlordFinishThresh": 8.982981790050088,
          "bombMyHandThresh": 10.878497395585397,
          "bombOppMinThresh": 4.29378341209519,
          "randomBombFallbackRate": 0.022131431530810975
        }
      }
    },
    "easy": {
      "id": "run4_gen3",
      "elo": 1466.531403032065,
      "weights": {
        "landlord": {
          "counterPredictRate": 0.844022155078254,
          "peasantCoopRate": 0.053403591883853324,
          "bombSmartRate": 0,
          "firstPlayLookAhead": 0.05291066370205144,
          "randomActionRate": 0.027914514905081123,
          "mctsHandShortPerCard": 0.9221182456647345,
          "mctsPartnerProgressMult": 0.5602906067375916,
          "mctsPartnerSmallCounterBonus": 2.0719029652587975,
          "mctsOppStrengthPenaltyMult": 0.37037430229386853,
          "mctsLandlordLargeCounterBonus": 1.1177939251516669,
          "qhsBothKings": 14.38390181243451,
          "qhsBigKing": 3.969889844596391,
          "qhsSmallKing": 1.2332683023891906,
          "qhsTwoMult": 1.2131565504335413,
          "qhsBombBonus": 5.887874917597274,
          "qhsAceMult": 1.0104052075993393,
          "peasantCoopPassMinHand": 2.3480477229684023,
          "peasantTopPartnerThresh": 5.178617159223067,
          "peasantTopPartnerBombThresh": 3.0613512396757057,
          "peasantMaxOnLandlordLowThresh": 3.5183472884722256,
          "feedPartnerThresh": 6.144314830954216,
          "landlordFinishThresh": 2.9191628945269934,
          "bombMyHandThresh": 3.0682452483268183,
          "bombOppMinThresh": 4.487223472725149,
          "randomBombFallbackRate": 0.10430741259604008
        },
        "farmer": {
          "counterPredictRate": 0.21222520700429873,
          "peasantCoopRate": 0.7781188674799896,
          "bombSmartRate": 0.9443652791371928,
          "firstPlayLookAhead": 0.5115647064458967,
          "randomActionRate": 0.002063165887628108,
          "mctsHandShortPerCard": 6.088257027216046,
          "mctsPartnerProgressMult": 0.8575766073681912,
          "mctsPartnerSmallCounterBonus": 2.2230536206277396,
          "mctsOppStrengthPenaltyMult": 1.0001311422301735,
          "mctsLandlordLargeCounterBonus": 3.7321488298124312,
          "qhsBothKings": 12.160537135855456,
          "qhsBigKing": 5.134026685565963,