{
  "hard": {
    "passBase": -3.5050497315233864,
    "passPartnerWin": 16.69475261297683,
    "passPartnerLow": 4,
    "playFollowActive": 3.595738808163401,
    "playFinish": 68.20826477643188,
    "playFinishPartnerWin": 35,
    "playPartnerWinPenalty": -17.23768860330211,
    "playLeadLength": 0.35,
    "playFollowLength": -0.12,
    "breakMult": 0.5724015921512763,
    "wildCost": 7,
    "jokerCost": 5,
    "bombBase4": 11.199664730081194,
    "bombPerExtra": 4,
    "bombLeadMult": 1,
    "bombLeadLateBonus": 0.6,
    "bombFollowMult": 0.6,
    "bombFollowOppLow": 1.3,
    "bombFollowOppMed": 0.3,
    "groupBombBase": 14,
    "groupBombPerExtra": 8,
    "handLenPenalty": 0.5862181514730007,
    "lookaheadDepth": 2
  },
  "normal": {
    "passBase": -2.9596409816544966,
    "passPartnerWin": 24.372303263768167,
    "passPartnerLow": 4,
    "playFollowActive": 2.5738496834108098,
    "playFinish": 34.63594931460723,
    "playFinishPartnerWin": 35,
    "playPartnerWinPenalty": -20.03505451315459,
    "playLeadLength": 0.35,
    "playFollowLength": -0.12,
    "breakMult": 3.1361797927860433,
    "wildCost": 7,
    "jokerCost": 5,
    "bombBase4": 8.975807578469178,
    "bombPerExtra": 4,
    "bombLeadMult": 1,
    "bombLeadLateBonus": 0.6,
    "bombFollowMult": 0.6,
    "bombFollowOppLow": 1.3,
    "bombFollowOppMed": 0.3,
    "groupBombBase": 14,
    "groupBombPerExtra": 8,
    "handLenPenalty": 0.7398324881114917,
    "lookaheadDepth": 2
  },
  "easy": {
    "passBase": -2.1210943607233226,
    "passPartnerWin": 5.873506054036319,
    "passPartnerLow": 4,
    "playFollowActive": 1.958812553479542,
    "playFinish": 32.31637038699709,
    "playFinishPartnerWin": 35,
    "playPartnerWinPenalty": -11.259954461162396,
    "playLeadLength": 0.35,
    "playFollowLength": -0.12,
    "breakMult": 1.4390389089270923,
    "wildCost": 7,
    "jokerCost": 5,
    "bombBase4": 4.225656872424259,
    "bombPerExtra": 4,
    "bombLeadMult": 1,
    "bombLeadLateBonus": 0.6,
    "bombFollowMult": 0.6,
    "bombFollowOppLow": 1.3,
    "bombFollowOppMed": 0.3,
    "groupBombBase": 14,
    "groupBombPerExtra": 8,
    "handLenPenalty": 0.5380070084661578,
    "lookaheadDepth": 2
  }
}
