{
  "generated": "2026-05-29",
  "method": "pop-gen K=10 gen=5 popSize=20 matchesPerEval=200 startSigma=0.6, then 31-candidate Elo tournament with 200 matches/pair, then 1000-match h2h verification",
  "weights_dim": 25,
  "h2h_1000_verified": {
    "hard vs normal": 0.514,
    "hard vs easy": 0.641,
    "normal vs easy": 0.578
  },
  "picks": {
    "hard": {
      "id": "run2_gen0",
      "elo": 1520.9927856275815,
      "weights": {
        "counterPredictRate": 0.5517752863815307,
        "peasantCoopRate": 0.7690974453002606,
        "bombSmartRate": 0.30973759287270997,
        "firstPlayLookAhead": 0.9885356114827752,
        "randomActionRate": 0.005823778348427186,
        "mctsHandShortPerCard": 0.836500166853394,
        "mctsPartnerProgressMult": 1.119505996323546,
        "mctsPartnerSmallCounterBonus": 0.19139669773945572,
        "mctsOppStrengthPenaltyMult": 0.2879044579916831,
        "mctsLandlordLargeCounterBonus": 2.700771105090717,
        "qhsBothKings": 4.892134846413208,
        "qhsBigKing": 6.208599780098535,
        "qhsSmallKing": 2.51651063353089,
        "qhsTwoMult": 4.271097132594169,
        "qhsBombBonus": 6.5559915983333665,
        "qhsAceMult": 0.10643811549815411,
        "peasantCoopPassMinHand": 3.3985699080421083,
        "peasantTopPartnerThresh": 4.658702872190686,
        "peasantTopPartnerBombThresh": 3.5448996915298836,
        "peasantMaxOnLandlordLowThresh": 3.558851148852395,
        "feedPartnerThresh": 4.885145916767073,
        "landlordFinishThresh": 3.4121856871978062,
        "bombMyHandThresh": 0.01,
        "bombOppMinThresh": 3.8565007720217843,
        "randomBombFallbackRate": 0.0904846819074318
      }
    },
    "normal": {
      "id": "run4_gen4",
      "elo": 1508.4428579677408,
      "weights": {
        "counterPredictRate": 0.26350291026041045,
        "peasantCoopRate": 0,
        "bombSmartRate": 0.8859630783587054,
        "firstPlayLookAhead": 0.9397112337992273,
        "randomActionRate": 0.03367817013841739,
        "mctsHandShortPerCard": 0.8156639111721156,
        "mctsPartnerProgressMult": 0.9064725558820982,
        "mctsPartnerSmallCounterBonus": 0.911826944223604,
        "mctsOppStrengthPenaltyMult": 0.3718264965085499,
        "mctsLandlordLargeCounterBonus": 1.318160794057727,
        "qhsBothKings": 2.517478022319305,
        "qhsBigKing": 1.0862255770972002,
        "qhsSmallKing": 4.551789642614542,
        "qhsTwoMult": 2.935850873112347,
        "qhsBombBonus": 1.6154513469147518,
        "qhsAceMult": 1.0768326042289464,
        "peasantCoopPassMinHand": 2.4841841279944856,
        "peasantTopPartnerThresh": 1.5525472042757091,
        "peasantTopPartnerBombThresh": 3.5457975224235936,
        "peasantMaxOnLandlordLowThresh": 0.629153744936046,
        "feedPartnerThresh": 5.672721237694529,
        "landlordFinishThresh": 4.2754928740988,
        "bombMyHandThresh": 5.085529965128529,
        "bombOppMinThresh": 0.9272456900649768,
        "randomBombFallbackRate": 0.11615989342134565
      }
    },
    "easy": {
      "id": "run9_gen2",
      "elo": 1455.1122192252603,
      "weights": {
        "counterPredictRate": 0.45502895045238584,
        "peasantCoopRate": 0.9730370126053405,
        "bombSmartRate": 0.7889517954393978,
        "firstPlayLookAhead": 0.0464518797436797,
        "randomActionRate": 0.023381812204767205,
        "mctsHandShortPerCard": 1.5842644244054234,
        "mctsPartnerProgressMult": 0.012508892532530198,
        "mctsPartnerSmallCounterBonus": 2.160448229835721,
        "mctsOppStrengthPenaltyMult": 0.7962716169286123,
        "mctsLandlordLargeCounterBonus": 1.8403866272562859,
        "qhsBothKings": 9.24970775004451,
        "qhsBigKing": 2.2962422235242066,
        "qhsSmallKing": 4.680646686873385,
        "qhsTwoMult": 1.0262716191098,
        "qhsBombBonus": 1.0220639459506402,
        "qhsAceMult": 0.6466425453097405,
        "peasantCoopPassMinHand": 1.5110793911375215,
        "peasantTopPartnerThresh": 2.8308813917330724,
        "peasantTopPartnerBombThresh": 4.6823514904886725,
        "peasantMaxOnLandlordLowThresh": 2.706237615652524,
        "feedPartnerThresh": 4.713451379106312,
        "landlordFinishThresh": 3.012396256059232,
        "bombMyHandThresh": 7.79565151556574,
        "bombOppMinThresh": 1.228772409543033,
        "randomBombFallbackRate": 0.021856870287184377
      }
    }
  }
}